{"/*":["X-Frame-Options: DENY","X-XSS-Protection: 1; mode=block","X-Content-Type-Options: nosniff","Referrer-Policy: same-origin"],"/styles.62320c9d85873f61acca.css":["Cache-Control: public, max-age=31536000, immutable"],"/framework-c306a8f609e919353987.js":["Cache-Control: public, max-age=31536000, immutable"],"/component---src-templates-page-index-tsx-9bbcf0c8f8199ba70d20.js":["Cache-Control: public, max-age=31536000, immutable"],"/component---src-templates-post-index-tsx-ab8fe3b9cb6fb0cb1723.js":["Cache-Control: public, max-age=31536000, immutable"],"/component---src-pages-404-js-5e5f6e1dc324c48a1a8b.js":["Cache-Control: public, max-age=31536000, immutable"],"/component---src-pages-index-js-5e409e19c8de3d0c1850.js":["Cache-Control: public, max-age=31536000, immutable"],"/webpack-runtime-8ea2a3acb6f5c778bf85.js":["Cache-Control: public, max-age=31536000, immutable"],"/app-5cf759b37e5445692248.js":["Cache-Control: public, max-age=31536000, immutable"],"/static/*":["Cache-Control: public, max-age=31536000, immutable"],"/sw.js":["Cache-Control: public, max-age=0, must-revalidate"],"/recrutement-ux-ui-design":["Link: </webpack-runtime-8ea2a3acb6f5c778bf85.js>; rel=preload; as=script; nopush","Link: </framework-c306a8f609e919353987.js>; rel=preload; as=script; nopush","Link: </app-5cf759b37e5445692248.js>; rel=preload; as=script; nopush","Link: </framework-c306a8f609e919353987.js>; rel=preload; as=script; nopush","Link: </component---src-templates-page-index-tsx-9bbcf0c8f8199ba70d20.js>; rel=preload; as=script; nopush","Link: </page-data/app-data.json>; rel=preload; as=fetch; crossorigin; nopush","Link: </page-data/recrutement-ux-ui-design/page-data.json>; rel=preload; as=fetch; crossorigin; nopush"],"/desk":["Link: </webpack-runtime-8ea2a3acb6f5c778bf85.js>; rel=preload; as=script; nopush","Link: </framework-c306a8f609e919353987.js>; rel=preload; as=script; nopush","Link: </app-5cf759b37e5445692248.js>; rel=preload; as=script; nopush","Link: </framework-c306a8f609e919353987.js>; rel=preload; as=script; nopush","Link: </component---src-templates-page-index-tsx-9bbcf0c8f8199ba70d20.js>; rel=preload; as=script; nopush","Link: </page-data/app-data.json>; rel=preload; as=fetch; crossorigin; nopush","Link: </page-data/desk/page-data.json>; rel=preload; as=fetch; crossorigin; nopush"],"/cgv":["Link: </webpack-runtime-8ea2a3acb6f5c778bf85.js>; rel=preload; as=script; nopush","Link: </framework-c306a8f609e919353987.js>; rel=preload; as=script; nopush","Link: </app-5cf759b37e5445692248.js>; rel=preload; as=script; nopush","Link: </framework-c306a8f609e919353987.js>; rel=preload; as=script; nopush","Link: </component---src-templates-page-index-tsx-9bbcf0c8f8199ba70d20.js>; rel=preload; as=script; nopush","Link: </page-data/app-data.json>; rel=preload; as=fetch; crossorigin; nopush","Link: </page-data/cgv/page-data.json>; rel=preload; as=fetch; crossorigin; nopush"],"/thatmuch":["Link: </webpack-runtime-8ea2a3acb6f5c778bf85.js>; rel=preload; as=script; nopush","Link: </framework-c306a8f609e919353987.js>; rel=preload; as=script; nopush","Link: </app-5cf759b37e5445692248.js>; rel=preload; as=script; nopush","Link: </framework-c306a8f609e919353987.js>; rel=preload; as=script; nopush","Link: </component---src-templates-page-index-tsx-9bbcf0c8f8199ba70d20.js>; rel=preload; as=script; nopush","Link: </page-data/app-data.json>; rel=preload; as=fetch; crossorigin; nopush","Link: </page-data/thatmuch/page-data.json>; rel=preload; as=fetch; crossorigin; nopush"],"/blog-2":["Link: </webpack-runtime-8ea2a3acb6f5c778bf85.js>; rel=preload; as=script; nopush","Link: </framework-c306a8f609e919353987.js>; rel=preload; as=script; nopush","Link: </app-5cf759b37e5445692248.js>; rel=preload; as=script; nopush","Link: </framework-c306a8f609e919353987.js>; rel=preload; as=script; nopush","Link: </component---src-templates-page-index-tsx-9bbcf0c8f8199ba70d20.js>; rel=preload; as=script; nopush","Link: </page-data/app-data.json>; rel=preload; as=fetch; crossorigin; nopush","Link: </page-data/blog-2/page-data.json>; rel=preload; as=fetch; crossorigin; nopush"],"/mentions-legales":["Link: </webpack-runtime-8ea2a3acb6f5c778bf85.js>; rel=preload; as=script; nopush","Link: </framework-c306a8f609e919353987.js>; rel=preload; as=script; nopush","Link: </app-5cf759b37e5445692248.js>; rel=preload; as=script; nopush","Link: </framework-c306a8f609e919353987.js>; rel=preload; as=script; nopush","Link: </component---src-templates-page-index-tsx-9bbcf0c8f8199ba70d20.js>; rel=preload; as=script; nopush","Link: </page-data/app-data.json>; rel=preload; as=fetch; crossorigin; nopush","Link: </page-data/mentions-legales/page-data.json>; rel=preload; as=fetch; crossorigin; nopush"],"/les-erreurs-dans-sa-creation-de-la-boite":["Link: </webpack-runtime-8ea2a3acb6f5c778bf85.js>; rel=preload; as=script; nopush","Link: </framework-c306a8f609e919353987.js>; rel=preload; as=script; nopush","Link: </app-5cf759b37e5445692248.js>; rel=preload; as=script; nopush","Link: </component---src-templates-post-index-tsx-ab8fe3b9cb6fb0cb1723.js>; rel=preload; as=script; nopush","Link: </page-data/app-data.json>; rel=preload; as=fetch; crossorigin; nopush","Link: </page-data/les-erreurs-dans-sa-creation-de-la-boite/page-data.json>; rel=preload; as=fetch; crossorigin; nopush"],"/404/":["Link: </webpack-runtime-8ea2a3acb6f5c778bf85.js>; rel=preload; as=script; nopush","Link: </framework-c306a8f609e919353987.js>; rel=preload; as=script; nopush","Link: </app-5cf759b37e5445692248.js>; rel=preload; as=script; nopush","Link: </component---src-pages-404-js-5e5f6e1dc324c48a1a8b.js>; rel=preload; as=script; nopush","Link: </page-data/app-data.json>; rel=preload; as=fetch; crossorigin; nopush","Link: </page-data/404/page-data.json>; rel=preload; as=fetch; crossorigin; nopush"],"/404.html":["Link: </webpack-runtime-8ea2a3acb6f5c778bf85.js>; rel=preload; as=script; nopush","Link: </framework-c306a8f609e919353987.js>; rel=preload; as=script; nopush","Link: </app-5cf759b37e5445692248.js>; rel=preload; as=script; nopush","Link: </component---src-pages-404-js-5e5f6e1dc324c48a1a8b.js>; rel=preload; as=script; nopush","Link: </page-data/app-data.json>; rel=preload; as=fetch; crossorigin; nopush","Link: </page-data/404.html/page-data.json>; rel=preload; as=fetch; crossorigin; nopush"],"/":["Link: </webpack-runtime-8ea2a3acb6f5c778bf85.js>; rel=preload; as=script; nopush","Link: </framework-c306a8f609e919353987.js>; rel=preload; as=script; nopush","Link: </app-5cf759b37e5445692248.js>; rel=preload; as=script; nopush","Link: </component---src-pages-index-js-5e409e19c8de3d0c1850.js>; rel=preload; as=script; nopush","Link: </page-data/app-data.json>; rel=preload; as=fetch; crossorigin; nopush","Link: </page-data/index/page-data.json>; rel=preload; as=fetch; crossorigin; nopush"],"/paiement-idprotect":["Link: </webpack-runtime-8ea2a3acb6f5c778bf85.js>; rel=preload; as=script; nopush","Link: </framework-c306a8f609e919353987.js>; rel=preload; as=script; nopush","Link: </app-5cf759b37e5445692248.js>; rel=preload; as=script; nopush","Link: </framework-c306a8f609e919353987.js>; rel=preload; as=script; nopush","Link: </component---src-templates-page-index-tsx-9bbcf0c8f8199ba70d20.js>; rel=preload; as=script; nopush","Link: </page-data/app-data.json>; rel=preload; as=fetch; crossorigin; nopush","Link: </page-data/paiement-idprotect/page-data.json>; rel=preload; as=fetch; crossorigin; nopush"]}