{"namedChunkGroups":{"polyfill":{"name":"polyfill","assets":[{"name":"webpack-runtime-8ea2a3acb6f5c778bf85.js","size":5136},{"name":"polyfill-8616c1f09a3988d35d8c.js","size":95940}],"filteredAssets":0,"assetsSize":101076,"filteredAuxiliaryAssets":2,"auxiliaryAssetsSize":284926},"app":{"name":"app","assets":[{"name":"webpack-runtime-8ea2a3acb6f5c778bf85.js","size":5136},{"name":"styles.62320c9d85873f61acca.css","size":165494},{"name":"framework-c306a8f609e919353987.js","size":130423},{"name":"app-5cf759b37e5445692248.js","size":72308}],"filteredAssets":0,"assetsSize":373361,"filteredAuxiliaryAssets":3,"auxiliaryAssetsSize":676332},"component---src-pages-404-js":{"name":"component---src-pages-404-js","assets":[{"name":"component---src-pages-404-js-5e5f6e1dc324c48a1a8b.js","size":800}],"filteredAssets":0,"assetsSize":800,"filteredAuxiliaryAssets":1,"auxiliaryAssetsSize":1879},"component---src-pages-index-js":{"name":"component---src-pages-index-js","assets":[{"name":"styles.62320c9d85873f61acca.css","size":165494},{"name":"component---src-pages-index-js-5e409e19c8de3d0c1850.js","size":664}],"filteredAssets":0,"assetsSize":166158,"filteredAuxiliaryAssets":2,"auxiliaryAssetsSize":19205},"component---src-templates-page-index-tsx":{"name":"component---src-templates-page-index-tsx","assets":[{"name":"styles.62320c9d85873f61acca.css","size":165494},{"name":"framework-c306a8f609e919353987.js","size":130423},{"name":"component---src-templates-page-index-tsx-9bbcf0c8f8199ba70d20.js","size":13523}],"filteredAssets":0,"assetsSize":309440,"filteredAuxiliaryAssets":2,"auxiliaryAssetsSize":390327},"component---src-templates-post-index-tsx":{"name":"component---src-templates-post-index-tsx","assets":[{"name":"component---src-templates-post-index-tsx-ab8fe3b9cb6fb0cb1723.js","size":402}],"filteredAssets":0,"assetsSize":402,"filteredAuxiliaryAssets":1,"auxiliaryAssetsSize":1003}},"assetsByChunkName":{"polyfill":["webpack-runtime-8ea2a3acb6f5c778bf85.js","polyfill-8616c1f09a3988d35d8c.js"],"app":["webpack-runtime-8ea2a3acb6f5c778bf85.js","styles.62320c9d85873f61acca.css","framework-c306a8f609e919353987.js","app-5cf759b37e5445692248.js"],"component---src-pages-404-js":["component---src-pages-404-js-5e5f6e1dc324c48a1a8b.js"],"component---src-pages-index-js":["styles.62320c9d85873f61acca.css","component---src-pages-index-js-5e409e19c8de3d0c1850.js"],"component---src-templates-page-index-tsx":["styles.62320c9d85873f61acca.css","framework-c306a8f609e919353987.js","component---src-templates-page-index-tsx-9bbcf0c8f8199ba70d20.js"],"component---src-templates-post-index-tsx":["component---src-templates-post-index-tsx-ab8fe3b9cb6fb0cb1723.js"]},"childAssetsByChunkName":{}}