{"data":{"allWpPage":{"edges":[{"node":{"id":"cG9zdDo0Nzc=","link":"/recrutement-ux-ui-design","title":"Recrutement: UX/UI Design"}},{"node":{"id":"cG9zdDo0NjY=","link":"/desk","title":"Desk"}},{"node":{"id":"cG9zdDoyOTQ=","link":"/cgv","title":"Cgv"}},{"node":{"id":"cG9zdDoyMzQ=","link":"/","title":"Accueil"}},{"node":{"id":"cG9zdDoyMzI=","link":"/blog-2","title":"Blog"}},{"node":{"id":"cG9zdDo2OA==","link":"/mentions-legales","title":"Mentions Légales"}},{"node":{"id":"cG9zdDo1ODc=","link":"/paiement-idprotect","title":"Paiement IDPROTECT"}}]}}}